<?xml version="1.0" encoding="UTF-8"?>
<DEFECTS>
  <DEFECT>
    <SFA>
      <FILEPATH>D:\Chess\Chess\Chess\</FILEPATH>
      <FILENAME>Board.h</FILENAME>
      <LINE>11</LINE>
      <COLUMN>1</COLUMN>
    </SFA>
    <DEFECTCODE>26495</DEFECTCODE>
    <DESCRIPTION>變數 'Board::blackKing' 未初始化。永遠將成員變數初始化 (type.6)。</DESCRIPTION>
    <FUNCTION>Board::{ctor}</FUNCTION>
    <DECORATED>??0Board@@QEAA@XZ</DECORATED>
    <FUNCLINE>11</FUNCLINE>
    <ADDITIONALINFO>
      <targetSymbol>Board::blackKing</targetSymbol>
    </ADDITIONALINFO>
    <PATH></PATH>
  </DEFECT>
  <DEFECT>
    <SFA>
      <FILEPATH>D:\Chess\Chess\Chess\</FILEPATH>
      <FILENAME>Board.h</FILENAME>
      <LINE>11</LINE>
      <COLUMN>1</COLUMN>
    </SFA>
    <DEFECTCODE>26495</DEFECTCODE>
    <DESCRIPTION>變數 'Board::whiteKing' 未初始化。永遠將成員變數初始化 (type.6)。</DESCRIPTION>
    <FUNCTION>Board::{ctor}</FUNCTION>
    <DECORATED>??0Board@@QEAA@XZ</DECORATED>
    <FUNCLINE>11</FUNCLINE>
    <ADDITIONALINFO>
      <targetSymbol>Board::whiteKing</targetSymbol>
    </ADDITIONALINFO>
    <PATH></PATH>
  </DEFECT>
  <DEFECT>
    <SFA>
      <FILEPATH>D:\Chess\Chess\Chess\</FILEPATH>
      <FILENAME>Board.h</FILENAME>
      <LINE>372</LINE>
      <COLUMN>27</COLUMN>
    </SFA>
    <DEFECTCODE>26451</DEFECTCODE>
    <DESCRIPTION>算術溢位: 對 4 位元組值使用運算子 '+'，然後將結果轉換為 8 位元組值。將值轉換為較廣的類型後，再呼叫運算子 '+' 以免發生溢位 (io.2)。</DESCRIPTION>
    <FUNCTION>Board::getRookPos</FUNCTION>
    <DECORATED>?getRookPos@Board@@QEAA?AV?$vector@UPosition@@V?$allocator@UPosition@@@std@@@std@@AEAUPosition@@D@Z</DECORATED>
    <FUNCLINE>356</FUNCLINE>
    <PATH></PATH>
  </DEFECT>
  <DEFECT>
    <SFA>
      <FILEPATH>D:\Chess\Chess\Chess\</FILEPATH>
      <FILENAME>Board.h</FILENAME>
      <LINE>380</LINE>
      <COLUMN>28</COLUMN>
    </SFA>
    <DEFECTCODE>26451</DEFECTCODE>
    <DESCRIPTION>算術溢位: 對 4 位元組值使用運算子 '+'，然後將結果轉換為 8 位元組值。將值轉換為較廣的類型後，再呼叫運算子 '+' 以免發生溢位 (io.2)。</DESCRIPTION>
    <FUNCTION>Board::getRookPos</FUNCTION>
    <DECORATED>?getRookPos@Board@@QEAA?AV?$vector@UPosition@@V?$allocator@UPosition@@@std@@@std@@AEAUPosition@@D@Z</DECORATED>
    <FUNCLINE>356</FUNCLINE>
    <PATH></PATH>
  </DEFECT>
  <DEFECT>
    <SFA>
      <FILEPATH>D:\Chess\Chess\Chess\</FILEPATH>
      <FILENAME>Board.h</FILENAME>
      <LINE>397</LINE>
      <COLUMN>27</COLUMN>
    </SFA>
    <DEFECTCODE>26451</DEFECTCODE>
    <DESCRIPTION>算術溢位: 對 4 位元組值使用運算子 '-'，然後將結果轉換為 8 位元組值。將值轉換為較廣的類型後，再呼叫運算子 '-' 以免發生溢位 (io.2)。</DESCRIPTION>
    <FUNCTION>Board::getRookPos</FUNCTION>
    <DECORATED>?getRookPos@Board@@QEAA?AV?$vector@UPosition@@V?$allocator@UPosition@@@std@@@std@@AEAUPosition@@D@Z</DECORATED>
    <FUNCLINE>356</FUNCLINE>
    <PATH></PATH>
  </DEFECT>
  <DEFECT>
    <SFA>
      <FILEPATH>D:\Chess\Chess\Chess\</FILEPATH>
      <FILENAME>Board.h</FILENAME>
      <LINE>405</LINE>
      <COLUMN>28</COLUMN>
    </SFA>
    <DEFECTCODE>26451</DEFECTCODE>
    <DESCRIPTION>算術溢位: 對 4 位元組值使用運算子 '-'，然後將結果轉換為 8 位元組值。將值轉換為較廣的類型後，再呼叫運算子 '-' 以免發生溢位 (io.2)。</DESCRIPTION>
    <FUNCTION>Board::getRookPos</FUNCTION>
    <DECORATED>?getRookPos@Board@@QEAA?AV?$vector@UPosition@@V?$allocator@UPosition@@@std@@@std@@AEAUPosition@@D@Z</DECORATED>
    <FUNCLINE>356</FUNCLINE>
    <PATH></PATH>
  </DEFECT>
  <DEFECT>
    <SFA>
      <FILEPATH>D:\Chess\Chess\Chess\</FILEPATH>
      <FILENAME>Board.h</FILENAME>
      <LINE>422</LINE>
      <COLUMN>20</COLUMN>
    </SFA>
    <DEFECTCODE>26451</DEFECTCODE>
    <DESCRIPTION>算術溢位: 對 4 位元組值使用運算子 '+'，然後將結果轉換為 8 位元組值。將值轉換為較廣的類型後，再呼叫運算子 '+' 以免發生溢位 (io.2)。</DESCRIPTION>
    <FUNCTION>Board::getRookPos</FUNCTION>
    <DECORATED>?getRookPos@Board@@QEAA?AV?$vector@UPosition@@V?$allocator@UPosition@@@std@@@std@@AEAUPosition@@D@Z</DECORATED>
    <FUNCLINE>356</FUNCLINE>
    <PATH></PATH>
  </DEFECT>
  <DEFECT>
    <SFA>
      <FILEPATH>D:\Chess\Chess\Chess\</FILEPATH>
      <FILENAME>Board.h</FILENAME>
      <LINE>430</LINE>
      <COLUMN>21</COLUMN>
    </SFA>
    <DEFECTCODE>26451</DEFECTCODE>
    <DESCRIPTION>算術溢位: 對 4 位元組值使用運算子 '+'，然後將結果轉換為 8 位元組值。將值轉換為較廣的類型後，再呼叫運算子 '+' 以免發生溢位 (io.2)。</DESCRIPTION>
    <FUNCTION>Board::getRookPos</FUNCTION>
    <DECORATED>?getRookPos@Board@@QEAA?AV?$vector@UPosition@@V?$allocator@UPosition@@@std@@@std@@AEAUPosition@@D@Z</DECORATED>
    <FUNCLINE>356</FUNCLINE>
    <PATH></PATH>
  </DEFECT>
  <DEFECT>
    <SFA>
      <FILEPATH>D:\Chess\Chess\Chess\</FILEPATH>
      <FILENAME>Board.h</FILENAME>
      <LINE>447</LINE>
      <COLUMN>20</COLUMN>
    </SFA>
    <DEFECTCODE>26451</DEFECTCODE>
    <DESCRIPTION>算術溢位: 對 4 位元組值使用運算子 '-'，然後將結果轉換為 8 位元組值。將值轉換為較廣的類型後，再呼叫運算子 '-' 以免發生溢位 (io.2)。</DESCRIPTION>
    <FUNCTION>Board::getRookPos</FUNCTION>
    <DECORATED>?getRookPos@Board@@QEAA?AV?$vector@UPosition@@V?$allocator@UPosition@@@std@@@std@@AEAUPosition@@D@Z</DECORATED>
    <FUNCLINE>356</FUNCLINE>
    <PATH></PATH>
  </DEFECT>
  <DEFECT>
    <SFA>
      <FILEPATH>D:\Chess\Chess\Chess\</FILEPATH>
      <FILENAME>Board.h</FILENAME>
      <LINE>455</LINE>
      <COLUMN>21</COLUMN>
    </SFA>
    <DEFECTCODE>26451</DEFECTCODE>
    <DESCRIPTION>算術溢位: 對 4 位元組值使用運算子 '-'，然後將結果轉換為 8 位元組值。將值轉換為較廣的類型後，再呼叫運算子 '-' 以免發生溢位 (io.2)。</DESCRIPTION>
    <FUNCTION>Board::getRookPos</FUNCTION>
    <DECORATED>?getRookPos@Board@@QEAA?AV?$vector@UPosition@@V?$allocator@UPosition@@@std@@@std@@AEAUPosition@@D@Z</DECORATED>
    <FUNCLINE>356</FUNCLINE>
    <PATH></PATH>
  </DEFECT>
  <DEFECT>
    <SFA>
      <FILEPATH>D:\Chess\Chess\Chess\</FILEPATH>
      <FILENAME>Board.h</FILENAME>
      <LINE>548</LINE>
      <COLUMN>20</COLUMN>
    </SFA>
    <DEFECTCODE>26451</DEFECTCODE>
    <DESCRIPTION>算術溢位: 對 4 位元組值使用運算子 '+'，然後將結果轉換為 8 位元組值。將值轉換為較廣的類型後，再呼叫運算子 '+' 以免發生溢位 (io.2)。</DESCRIPTION>
    <FUNCTION>Board::getBishopPos</FUNCTION>
    <DECORATED>?getBishopPos@Board@@QEAA?AV?$vector@UPosition@@V?$allocator@UPosition@@@std@@@std@@AEAUPosition@@D@Z</DECORATED>
    <FUNCLINE>533</FUNCLINE>
    <PATH></PATH>
  </DEFECT>
  <DEFECT>
    <SFA>
      <FILEPATH>D:\Chess\Chess\Chess\</FILEPATH>
      <FILENAME>Board.h</FILENAME>
      <LINE>548</LINE>
      <COLUMN>31</COLUMN>
    </SFA>
    <DEFECTCODE>26451</DEFECTCODE>
    <DESCRIPTION>算術溢位: 對 4 位元組值使用運算子 '+'，然後將結果轉換為 8 位元組值。將值轉換為較廣的類型後，再呼叫運算子 '+' 以免發生溢位 (io.2)。</DESCRIPTION>
    <FUNCTION>Board::getBishopPos</FUNCTION>
    <DECORATED>?getBishopPos@Board@@QEAA?AV?$vector@UPosition@@V?$allocator@UPosition@@@std@@@std@@AEAUPosition@@D@Z</DECORATED>
    <FUNCLINE>533</FUNCLINE>
    <PATH></PATH>
  </DEFECT>
  <DEFECT>
    <SFA>
      <FILEPATH>D:\Chess\Chess\Chess\</FILEPATH>
      <FILENAME>Board.h</FILENAME>
      <LINE>556</LINE>
      <COLUMN>21</COLUMN>
    </SFA>
    <DEFECTCODE>26451</DEFECTCODE>
    <DESCRIPTION>算術溢位: 對 4 位元組值使用運算子 '+'，然後將結果轉換為 8 位元組值。將值轉換為較廣的類型後，再呼叫運算子 '+' 以免發生溢位 (io.2)。</DESCRIPTION>
    <FUNCTION>Board::getBishopPos</FUNCTION>
    <DECORATED>?getBishopPos@Board@@QEAA?AV?$vector@UPosition@@V?$allocator@UPosition@@@std@@@std@@AEAUPosition@@D@Z</DECORATED>
    <FUNCLINE>533</FUNCLINE>
    <PATH></PATH>
  </DEFECT>
  <DEFECT>
    <SFA>
      <FILEPATH>D:\Chess\Chess\Chess\</FILEPATH>
      <FILENAME>Board.h</FILENAME>
      <LINE>556</LINE>
      <COLUMN>32</COLUMN>
    </SFA>
    <DEFECTCODE>26451</DEFECTCODE>
    <DESCRIPTION>算術溢位: 對 4 位元組值使用運算子 '+'，然後將結果轉換為 8 位元組值。將值轉換為較廣的類型後，再呼叫運算子 '+' 以免發生溢位 (io.2)。</DESCRIPTION>
    <FUNCTION>Board::getBishopPos</FUNCTION>
    <DECORATED>?getBishopPos@Board@@QEAA?AV?$vector@UPosition@@V?$allocator@UPosition@@@std@@@std@@AEAUPosition@@D@Z</DECORATED>
    <FUNCLINE>533</FUNCLINE>
    <PATH></PATH>
  </DEFECT>
  <DEFECT>
    <SFA>
      <FILEPATH>D:\Chess\Chess\Chess\</FILEPATH>
      <FILENAME>Board.h</FILENAME>
      <LINE>572</LINE>
      <COLUMN>20</COLUMN>
    </SFA>
    <DEFECTCODE>26451</DEFECTCODE>
    <DESCRIPTION>算術溢位: 對 4 位元組值使用運算子 '-'，然後將結果轉換為 8 位元組值。將值轉換為較廣的類型後，再呼叫運算子 '-' 以免發生溢位 (io.2)。</DESCRIPTION>
    <FUNCTION>Board::getBishopPos</FUNCTION>
    <DECORATED>?getBishopPos@Board@@QEAA?AV?$vector@UPosition@@V?$allocator@UPosition@@@std@@@std@@AEAUPosition@@D@Z</DECORATED>
    <FUNCLINE>533</FUNCLINE>
    <PATH></PATH>
  </DEFECT>
  <DEFECT>
    <SFA>
      <FILEPATH>D:\Chess\Chess\Chess\</FILEPATH>
      <FILENAME>Board.h</FILENAME>
      <LINE>572</LINE>
      <COLUMN>31</COLUMN>
    </SFA>
    <DEFECTCODE>26451</DEFECTCODE>
    <DESCRIPTION>算術溢位: 對 4 位元組值使用運算子 '+'，然後將結果轉換為 8 位元組值。將值轉換為較廣的類型後，再呼叫運算子 '+' 以免發生溢位 (io.2)。</DESCRIPTION>
    <FUNCTION>Board::getBishopPos</FUNCTION>
    <DECORATED>?getBishopPos@Board@@QEAA?AV?$vector@UPosition@@V?$allocator@UPosition@@@std@@@std@@AEAUPosition@@D@Z</DECORATED>
    <FUNCLINE>533</FUNCLINE>
    <PATH></PATH>
  </DEFECT>
  <DEFECT>
    <SFA>
      <FILEPATH>D:\Chess\Chess\Chess\</FILEPATH>
      <FILENAME>Board.h</FILENAME>
      <LINE>580</LINE>
      <COLUMN>21</COLUMN>
    </SFA>
    <DEFECTCODE>26451</DEFECTCODE>
    <DESCRIPTION>算術溢位: 對 4 位元組值使用運算子 '-'，然後將結果轉換為 8 位元組值。將值轉換為較廣的類型後，再呼叫運算子 '-' 以免發生溢位 (io.2)。</DESCRIPTION>
    <FUNCTION>Board::getBishopPos</FUNCTION>
    <DECORATED>?getBishopPos@Board@@QEAA?AV?$vector@UPosition@@V?$allocator@UPosition@@@std@@@std@@AEAUPosition@@D@Z</DECORATED>
    <FUNCLINE>533</FUNCLINE>
    <PATH></PATH>
  </DEFECT>
  <DEFECT>
    <SFA>
      <FILEPATH>D:\Chess\Chess\Chess\</FILEPATH>
      <FILENAME>Board.h</FILENAME>
      <LINE>580</LINE>
      <COLUMN>32</COLUMN>
    </SFA>
    <DEFECTCODE>26451</DEFECTCODE>
    <DESCRIPTION>算術溢位: 對 4 位元組值使用運算子 '+'，然後將結果轉換為 8 位元組值。將值轉換為較廣的類型後，再呼叫運算子 '+' 以免發生溢位 (io.2)。</DESCRIPTION>
    <FUNCTION>Board::getBishopPos</FUNCTION>
    <DECORATED>?getBishopPos@Board@@QEAA?AV?$vector@UPosition@@V?$allocator@UPosition@@@std@@@std@@AEAUPosition@@D@Z</DECORATED>
    <FUNCLINE>533</FUNCLINE>
    <PATH></PATH>
  </DEFECT>
  <DEFECT>
    <SFA>
      <FILEPATH>D:\Chess\Chess\Chess\</FILEPATH>
      <FILENAME>Board.h</FILENAME>
      <LINE>596</LINE>
      <COLUMN>20</COLUMN>
    </SFA>
    <DEFECTCODE>26451</DEFECTCODE>
    <DESCRIPTION>算術溢位: 對 4 位元組值使用運算子 '+'，然後將結果轉換為 8 位元組值。將值轉換為較廣的類型後，再呼叫運算子 '+' 以免發生溢位 (io.2)。</DESCRIPTION>
    <FUNCTION>Board::getBishopPos</FUNCTION>
    <DECORATED>?getBishopPos@Board@@QEAA?AV?$vector@UPosition@@V?$allocator@UPosition@@@std@@@std@@AEAUPosition@@D@Z</DECORATED>
    <FUNCLINE>533</FUNCLINE>
    <PATH></PATH>
  </DEFECT>
  <DEFECT>
    <SFA>
      <FILEPATH>D:\Chess\Chess\Chess\</FILEPATH>
      <FILENAME>Board.h</FILENAME>
      <LINE>596</LINE>
      <COLUMN>31</COLUMN>
    </SFA>
    <DEFECTCODE>26451</DEFECTCODE>
    <DESCRIPTION>算術溢位: 對 4 位元組值使用運算子 '-'，然後將結果轉換為 8 位元組值。將值轉換為較廣的類型後，再呼叫運算子 '-' 以免發生溢位 (io.2)。</DESCRIPTION>
    <FUNCTION>Board::getBishopPos</FUNCTION>
    <DECORATED>?getBishopPos@Board@@QEAA?AV?$vector@UPosition@@V?$allocator@UPosition@@@std@@@std@@AEAUPosition@@D@Z</DECORATED>
    <FUNCLINE>533</FUNCLINE>
    <PATH></PATH>
  </DEFECT>
  <DEFECT>
    <SFA>
      <FILEPATH>D:\Chess\Chess\Chess\</FILEPATH>
      <FILENAME>Board.h</FILENAME>
      <LINE>604</LINE>
      <COLUMN>21</COLUMN>
    </SFA>
    <DEFECTCODE>26451</DEFECTCODE>
    <DESCRIPTION>算術溢位: 對 4 位元組值使用運算子 '+'，然後將結果轉換為 8 位元組值。將值轉換為較廣的類型後，再呼叫運算子 '+' 以免發生溢位 (io.2)。</DESCRIPTION>
    <FUNCTION>Board::getBishopPos</FUNCTION>
    <DECORATED>?getBishopPos@Board@@QEAA?AV?$vector@UPosition@@V?$allocator@UPosition@@@std@@@std@@AEAUPosition@@D@Z</DECORATED>
    <FUNCLINE>533</FUNCLINE>
    <PATH></PATH>
  </DEFECT>
  <DEFECT>
    <SFA>
      <FILEPATH>D:\Chess\Chess\Chess\</FILEPATH>
      <FILENAME>Board.h</FILENAME>
      <LINE>604</LINE>
      <COLUMN>32</COLUMN>
    </SFA>
    <DEFECTCODE>26451</DEFECTCODE>
    <DESCRIPTION>算術溢位: 對 4 位元組值使用運算子 '-'，然後將結果轉換為 8 位元組值。將值轉換為較廣的類型後，再呼叫運算子 '-' 以免發生溢位 (io.2)。</DESCRIPTION>
    <FUNCTION>Board::getBishopPos</FUNCTION>
    <DECORATED>?getBishopPos@Board@@QEAA?AV?$vector@UPosition@@V?$allocator@UPosition@@@std@@@std@@AEAUPosition@@D@Z</DECORATED>
    <FUNCLINE>533</FUNCLINE>
    <PATH></PATH>
  </DEFECT>
  <DEFECT>
    <SFA>
      <FILEPATH>D:\Chess\Chess\Chess\</FILEPATH>
      <FILENAME>Board.h</FILENAME>
      <LINE>620</LINE>
      <COLUMN>20</COLUMN>
    </SFA>
    <DEFECTCODE>26451</DEFECTCODE>
    <DESCRIPTION>算術溢位: 對 4 位元組值使用運算子 '-'，然後將結果轉換為 8 位元組值。將值轉換為較廣的類型後，再呼叫運算子 '-' 以免發生溢位 (io.2)。</DESCRIPTION>
    <FUNCTION>Board::getBishopPos</FUNCTION>
    <DECORATED>?getBishopPos@Board@@QEAA?AV?$vector@UPosition@@V?$allocator@UPosition@@@std@@@std@@AEAUPosition@@D@Z</DECORATED>
    <FUNCLINE>533</FUNCLINE>
    <PATH></PATH>
  </DEFECT>
  <DEFECT>
    <SFA>
      <FILEPATH>D:\Chess\Chess\Chess\</FILEPATH>
      <FILENAME>Board.h</FILENAME>
      <LINE>620</LINE>
      <COLUMN>31</COLUMN>
    </SFA>
    <DEFECTCODE>26451</DEFECTCODE>
    <DESCRIPTION>算術溢位: 對 4 位元組值使用運算子 '-'，然後將結果轉換為 8 位元組值。將值轉換為較廣的類型後，再呼叫運算子 '-' 以免發生溢位 (io.2)。</DESCRIPTION>
    <FUNCTION>Board::getBishopPos</FUNCTION>
    <DECORATED>?getBishopPos@Board@@QEAA?AV?$vector@UPosition@@V?$allocator@UPosition@@@std@@@std@@AEAUPosition@@D@Z</DECORATED>
    <FUNCLINE>533</FUNCLINE>
    <PATH></PATH>
  </DEFECT>
  <DEFECT>
    <SFA>
      <FILEPATH>D:\Chess\Chess\Chess\</FILEPATH>
      <FILENAME>Board.h</FILENAME>
      <LINE>628</LINE>
      <COLUMN>21</COLUMN>
    </SFA>
    <DEFECTCODE>26451</DEFECTCODE>
    <DESCRIPTION>算術溢位: 對 4 位元組值使用運算子 '-'，然後將結果轉換為 8 位元組值。將值轉換為較廣的類型後，再呼叫運算子 '-' 以免發生溢位 (io.2)。</DESCRIPTION>
    <FUNCTION>Board::getBishopPos</FUNCTION>
    <DECORATED>?getBishopPos@Board@@QEAA?AV?$vector@UPosition@@V?$allocator@UPosition@@@std@@@std@@AEAUPosition@@D@Z</DECORATED>
    <FUNCLINE>533</FUNCLINE>
    <PATH></PATH>
  </DEFECT>
  <DEFECT>
    <SFA>
      <FILEPATH>D:\Chess\Chess\Chess\</FILEPATH>
      <FILENAME>Board.h</FILENAME>
      <LINE>628</LINE>
      <COLUMN>32</COLUMN>
    </SFA>
    <DEFECTCODE>26451</DEFECTCODE>
    <DESCRIPTION>算術溢位: 對 4 位元組值使用運算子 '-'，然後將結果轉換為 8 位元組值。將值轉換為較廣的類型後，再呼叫運算子 '-' 以免發生溢位 (io.2)。</DESCRIPTION>
    <FUNCTION>Board::getBishopPos</FUNCTION>
    <DECORATED>?getBishopPos@Board@@QEAA?AV?$vector@UPosition@@V?$allocator@UPosition@@@std@@@std@@AEAUPosition@@D@Z</DECORATED>
    <FUNCLINE>533</FUNCLINE>
    <PATH></PATH>
  </DEFECT>
  <DEFECT>
    <SFA>
      <FILEPATH>D:\Chess\Chess\Chess\</FILEPATH>
      <FILENAME>Board.h</FILENAME>
      <LINE>670</LINE>
      <COLUMN>19</COLUMN>
    </SFA>
    <DEFECTCODE>26451</DEFECTCODE>
    <DESCRIPTION>算術溢位: 對 4 位元組值使用運算子 '-'，然後將結果轉換為 8 位元組值。將值轉換為較廣的類型後，再呼叫運算子 '-' 以免發生溢位 (io.2)。</DESCRIPTION>
    <FUNCTION>Board::getKingPos</FUNCTION>
    <DECORATED>?getKingPos@Board@@QEAA?AV?$vector@UPosition@@V?$allocator@UPosition@@@std@@@std@@AEAUPosition@@D@Z</DECORATED>
    <FUNCLINE>657</FUNCLINE>
    <PATH></PATH>
  </DEFECT>
  <DEFECT>
    <SFA>
      <FILEPATH>D:\Chess\Chess\Chess\</FILEPATH>
      <FILENAME>Board.h</FILENAME>
      <LINE>670</LINE>
      <COLUMN>30</COLUMN>
    </SFA>
    <DEFECTCODE>26451</DEFECTCODE>
    <DESCRIPTION>算術溢位: 對 4 位元組值使用運算子 '-'，然後將結果轉換為 8 位元組值。將值轉換為較廣的類型後，再呼叫運算子 '-' 以免發生溢位 (io.2)。</DESCRIPTION>
    <FUNCTION>Board::getKingPos</FUNCTION>
    <DECORATED>?getKingPos@Board@@QEAA?AV?$vector@UPosition@@V?$allocator@UPosition@@@std@@@std@@AEAUPosition@@D@Z</DECORATED>
    <FUNCLINE>657</FUNCLINE>
    <PATH></PATH>
  </DEFECT>
  <DEFECT>
    <SFA>
      <FILEPATH>D:\Chess\Chess\Chess\</FILEPATH>
      <FILENAME>Board.h</FILENAME>
      <LINE>670</LINE>
      <COLUMN>68</COLUMN>
    </SFA>
    <DEFECTCODE>26451</DEFECTCODE>
    <DESCRIPTION>算術溢位: 對 4 位元組值使用運算子 '-'，然後將結果轉換為 8 位元組值。將值轉換為較廣的類型後，再呼叫運算子 '-' 以免發生溢位 (io.2)。</DESCRIPTION>
    <FUNCTION>Board::getKingPos</FUNCTION>
    <DECORATED>?getKingPos@Board@@QEAA?AV?$vector@UPosition@@V?$allocator@UPosition@@@std@@@std@@AEAUPosition@@D@Z</DECORATED>
    <FUNCLINE>657</FUNCLINE>
    <PATH></PATH>
  </DEFECT>
  <DEFECT>
    <SFA>
      <FILEPATH>D:\Chess\Chess\Chess\</FILEPATH>
      <FILENAME>Board.h</FILENAME>
      <LINE>670</LINE>
      <COLUMN>79</COLUMN>
    </SFA>
    <DEFECTCODE>26451</DEFECTCODE>
    <DESCRIPTION>算術溢位: 對 4 位元組值使用運算子 '-'，然後將結果轉換為 8 位元組值。將值轉換為較廣的類型後，再呼叫運算子 '-' 以免發生溢位 (io.2)。</DESCRIPTION>
    <FUNCTION>Board::getKingPos</FUNCTION>
    <DECORATED>?getKingPos@Board@@QEAA?AV?$vector@UPosition@@V?$allocator@UPosition@@@std@@@std@@AEAUPosition@@D@Z</DECORATED>
    <FUNCLINE>657</FUNCLINE>
    <PATH></PATH>
  </DEFECT>
  <DEFECT>
    <SFA>
      <FILEPATH>D:\Chess\Chess\Chess\</FILEPATH>
      <FILENAME>Board.h</FILENAME>
      <LINE>678</LINE>
      <COLUMN>19</COLUMN>
    </SFA>
    <DEFECTCODE>26451</DEFECTCODE>
    <DESCRIPTION>算術溢位: 對 4 位元組值使用運算子 '-'，然後將結果轉換為 8 位元組值。將值轉換為較廣的類型後，再呼叫運算子 '-' 以免發生溢位 (io.2)。</DESCRIPTION>
    <FUNCTION>Board::getKingPos</FUNCTION>
    <DECORATED>?getKingPos@Board@@QEAA?AV?$vector@UPosition@@V?$allocator@UPosition@@@std@@@std@@AEAUPosition@@D@Z</DECORATED>
    <FUNCLINE>657</FUNCLINE>
    <PATH></PATH>
  </DEFECT>
  <DEFECT>
    <SFA>
      <FILEPATH>D:\Chess\Chess\Chess\</FILEPATH>
      <FILENAME>Board.h</FILENAME>
      <LINE>678</LINE>
      <COLUMN>64</COLUMN>
    </SFA>
    <DEFECTCODE>26451</DEFECTCODE>
    <DESCRIPTION>算術溢位: 對 4 位元組值使用運算子 '-'，然後將結果轉換為 8 位元組值。將值轉換為較廣的類型後，再呼叫運算子 '-' 以免發生溢位 (io.2)。</DESCRIPTION>
    <FUNCTION>Board::getKingPos</FUNCTION>
    <DECORATED>?getKingPos@Board@@QEAA?AV?$vector@UPosition@@V?$allocator@UPosition@@@std@@@std@@AEAUPosition@@D@Z</DECORATED>
    <FUNCLINE>657</FUNCLINE>
    <PATH></PATH>
  </DEFECT>
  <DEFECT>
    <SFA>
      <FILEPATH>D:\Chess\Chess\Chess\</FILEPATH>
      <FILENAME>Board.h</FILENAME>
      <LINE>686</LINE>
      <COLUMN>19</COLUMN>
    </SFA>
    <DEFECTCODE>26451</DEFECTCODE>
    <DESCRIPTION>算術溢位: 對 4 位元組值使用運算子 '-'，然後將結果轉換為 8 位元組值。將值轉換為較廣的類型後，再呼叫運算子 '-' 以免發生溢位 (io.2)。</DESCRIPTION>
    <FUNCTION>Board::getKingPos</FUNCTION>
    <DECORATED>?getKingPos@Board@@QEAA?AV?$vector@UPosition@@V?$allocator@UPosition@@@std@@@std@@AEAUPosition@@D@Z</DECORATED>
    <FUNCLINE>657</FUNCLINE>
    <PATH></PATH>
  </DEFECT>
  <DEFECT>
    <SFA>
      <FILEPATH>D:\Chess\Chess\Chess\</FILEPATH>
      <FILENAME>Board.h</FILENAME>
      <LINE>686</LINE>
      <COLUMN>30</COLUMN>
    </SFA>
    <DEFECTCODE>26451</DEFECTCODE>
    <DESCRIPTION>算術溢位: 對 4 位元組值使用運算子 '+'，然後將結果轉換為 8 位元組值。將值轉換為較廣的類型後，再呼叫運算子 '+' 以免發生溢位 (io.2)。</DESCRIPTION>
    <FUNCTION>Board::getKingPos</FUNCTION>
    <DECORATED>?getKingPos@Board@@QEAA?AV?$vector@UPosition@@V?$allocator@UPosition@@@std@@@std@@AEAUPosition@@D@Z</DECORATED>
    <FUNCLINE>657</FUNCLINE>
    <PATH></PATH>
  </DEFECT>
  <DEFECT>
    <SFA>
      <FILEPATH>D:\Chess\Chess\Chess\</FILEPATH>
      <FILENAME>Board.h</FILENAME>
      <LINE>686</LINE>
      <COLUMN>68</COLUMN>
    </SFA>
    <DEFECTCODE>26451</DEFECTCODE>
    <DESCRIPTION>算術溢位: 對 4 位元組值使用運算子 '-'，然後將結果轉換為 8 位元組值。將值轉換為較廣的類型後，再呼叫運算子 '-' 以免發生溢位 (io.2)。</DESCRIPTION>
    <FUNCTION>Board::getKingPos</FUNCTION>
    <DECORATED>?getKingPos@Board@@QEAA?AV?$vector@UPosition@@V?$allocator@UPosition@@@std@@@std@@AEAUPosition@@D@Z</DECORATED>
    <FUNCLINE>657</FUNCLINE>
    <PATH></PATH>
  </DEFECT>
  <DEFECT>
    <SFA>
      <FILEPATH>D:\Chess\Chess\Chess\</FILEPATH>
      <FILENAME>Board.h</FILENAME>
      <LINE>686</LINE>
      <COLUMN>79</COLUMN>
    </SFA>
    <DEFECTCODE>26451</DEFECTCODE>
    <DESCRIPTION>算術溢位: 對 4 位元組值使用運算子 '+'，然後將結果轉換為 8 位元組值。將值轉換為較廣的類型後，再呼叫運算子 '+' 以免發生溢位 (io.2)。</DESCRIPTION>
    <FUNCTION>Board::getKingPos</FUNCTION>
    <DECORATED>?getKingPos@Board@@QEAA?AV?$vector@UPosition@@V?$allocator@UPosition@@@std@@@std@@AEAUPosition@@D@Z</DECORATED>
    <FUNCLINE>657</FUNCLINE>
    <PATH></PATH>
  </DEFECT>
  <DEFECT>
    <SFA>
      <FILEPATH>D:\Chess\Chess\Chess\</FILEPATH>
      <FILENAME>Board.h</FILENAME>
      <LINE>694</LINE>
      <COLUMN>26</COLUMN>
    </SFA>
    <DEFECTCODE>26451</DEFECTCODE>
    <DESCRIPTION>算術溢位: 對 4 位元組值使用運算子 '-'，然後將結果轉換為 8 位元組值。將值轉換為較廣的類型後，再呼叫運算子 '-' 以免發生溢位 (io.2)。</DESCRIPTION>
    <FUNCTION>Board::getKingPos</FUNCTION>
    <DECORATED>?getKingPos@Board@@QEAA?AV?$vector@UPosition@@V?$allocator@UPosition@@@std@@@std@@AEAUPosition@@D@Z</DECORATED>
    <FUNCLINE>657</FUNCLINE>
    <PATH></PATH>
  </DEFECT>
  <DEFECT>
    <SFA>
      <FILEPATH>D:\Chess\Chess\Chess\</FILEPATH>
      <FILENAME>Board.h</FILENAME>
      <LINE>694</LINE>
      <COLUMN>71</COLUMN>
    </SFA>
    <DEFECTCODE>26451</DEFECTCODE>
    <DESCRIPTION>算術溢位: 對 4 位元組值使用運算子 '-'，然後將結果轉換為 8 位元組值。將值轉換為較廣的類型後，再呼叫運算子 '-' 以免發生溢位 (io.2)。</DESCRIPTION>
    <FUNCTION>Board::getKingPos</FUNCTION>
    <DECORATED>?getKingPos@Board@@QEAA?AV?$vector@UPosition@@V?$allocator@UPosition@@@std@@@std@@AEAUPosition@@D@Z</DECORATED>
    <FUNCLINE>657</FUNCLINE>
    <PATH></PATH>
  </DEFECT>
  <DEFECT>
    <SFA>
      <FILEPATH>D:\Chess\Chess\Chess\</FILEPATH>
      <FILENAME>Board.h</FILENAME>
      <LINE>702</LINE>
      <COLUMN>26</COLUMN>
    </SFA>
    <DEFECTCODE>26451</DEFECTCODE>
    <DESCRIPTION>算術溢位: 對 4 位元組值使用運算子 '+'，然後將結果轉換為 8 位元組值。將值轉換為較廣的類型後，再呼叫運算子 '+' 以免發生溢位 (io.2)。</DESCRIPTION>
    <FUNCTION>Board::getKingPos</FUNCTION>
    <DECORATED>?getKingPos@Board@@QEAA?AV?$vector@UPosition@@V?$allocator@UPosition@@@std@@@std@@AEAUPosition@@D@Z</DECORATED>
    <FUNCLINE>657</FUNCLINE>
    <PATH></PATH>
  </DEFECT>
  <DEFECT>
    <SFA>
      <FILEPATH>D:\Chess\Chess\Chess\</FILEPATH>
      <FILENAME>Board.h</FILENAME>
      <LINE>702</LINE>
      <COLUMN>71</COLUMN>
    </SFA>
    <DEFECTCODE>26451</DEFECTCODE>
    <DESCRIPTION>算術溢位: 對 4 位元組值使用運算子 '+'，然後將結果轉換為 8 位元組值。將值轉換為較廣的類型後，再呼叫運算子 '+' 以免發生溢位 (io.2)。</DESCRIPTION>
    <FUNCTION>Board::getKingPos</FUNCTION>
    <DECORATED>?getKingPos@Board@@QEAA?AV?$vector@UPosition@@V?$allocator@UPosition@@@std@@@std@@AEAUPosition@@D@Z</DECORATED>
    <FUNCLINE>657</FUNCLINE>
    <PATH></PATH>
  </DEFECT>
  <DEFECT>
    <SFA>
      <FILEPATH>D:\Chess\Chess\Chess\</FILEPATH>
      <FILENAME>Board.h</FILENAME>
      <LINE>710</LINE>
      <COLUMN>19</COLUMN>
    </SFA>
    <DEFECTCODE>26451</DEFECTCODE>
    <DESCRIPTION>算術溢位: 對 4 位元組值使用運算子 '+'，然後將結果轉換為 8 位元組值。將值轉換為較廣的類型後，再呼叫運算子 '+' 以免發生溢位 (io.2)。</DESCRIPTION>
    <FUNCTION>Board::getKingPos</FUNCTION>
    <DECORATED>?getKingPos@Board@@QEAA?AV?$vector@UPosition@@V?$allocator@UPosition@@@std@@@std@@AEAUPosition@@D@Z</DECORATED>
    <FUNCLINE>657</FUNCLINE>
    <PATH></PATH>
  </DEFECT>
  <DEFECT>
    <SFA>
      <FILEPATH>D:\Chess\Chess\Chess\</FILEPATH>
      <FILENAME>Board.h</FILENAME>
      <LINE>710</LINE>
      <COLUMN>30</COLUMN>
    </SFA>
    <DEFECTCODE>26451</DEFECTCODE>
    <DESCRIPTION>算術溢位: 對 4 位元組值使用運算子 '-'，然後將結果轉換為 8 位元組值。將值轉換為較廣的類型後，再呼叫運算子 '-' 以免發生溢位 (io.2)。</DESCRIPTION>
    <FUNCTION>Board::getKingPos</FUNCTION>
    <DECORATED>?getKingPos@Board@@QEAA?AV?$vector@UPosition@@V?$allocator@UPosition@@@std@@@std@@AEAUPosition@@D@Z</DECORATED>
    <FUNCLINE>657</FUNCLINE>
    <PATH></PATH>
  </DEFECT>
  <DEFECT>
    <SFA>
      <FILEPATH>D:\Chess\Chess\Chess\</FILEPATH>
      <FILENAME>Board.h</FILENAME>
      <LINE>710</LINE>
      <COLUMN>68</COLUMN>
    </SFA>
    <DEFECTCODE>26451</DEFECTCODE>
    <DESCRIPTION>算術溢位: 對 4 位元組值使用運算子 '+'，然後將結果轉換為 8 位元組值。將值轉換為較廣的類型後，再呼叫運算子 '+' 以免發生溢位 (io.2)。</DESCRIPTION>
    <FUNCTION>Board::getKingPos</FUNCTION>
    <DECORATED>?getKingPos@Board@@QEAA?AV?$vector@UPosition@@V?$allocator@UPosition@@@std@@@std@@AEAUPosition@@D@Z</DECORATED>
    <FUNCLINE>657</FUNCLINE>
    <PATH></PATH>
  </DEFECT>
  <DEFECT>
    <SFA>
      <FILEPATH>D:\Chess\Chess\Chess\</FILEPATH>
      <FILENAME>Board.h</FILENAME>
      <LINE>710</LINE>
      <COLUMN>79</COLUMN>
    </SFA>
    <DEFECTCODE>26451</DEFECTCODE>
    <DESCRIPTION>算術溢位: 對 4 位元組值使用運算子 '-'，然後將結果轉換為 8 位元組值。將值轉換為較廣的類型後，再呼叫運算子 '-' 以免發生溢位 (io.2)。</DESCRIPTION>
    <FUNCTION>Board::getKingPos</FUNCTION>
    <DECORATED>?getKingPos@Board@@QEAA?AV?$vector@UPosition@@V?$allocator@UPosition@@@std@@@std@@AEAUPosition@@D@Z</DECORATED>
    <FUNCLINE>657</FUNCLINE>
    <PATH></PATH>
  </DEFECT>
  <DEFECT>
    <SFA>
      <FILEPATH>D:\Chess\Chess\Chess\</FILEPATH>
      <FILENAME>Board.h</FILENAME>
      <LINE>718</LINE>
      <COLUMN>19</COLUMN>
    </SFA>
    <DEFECTCODE>26451</DEFECTCODE>
    <DESCRIPTION>算術溢位: 對 4 位元組值使用運算子 '+'，然後將結果轉換為 8 位元組值。將值轉換為較廣的類型後，再呼叫運算子 '+' 以免發生溢位 (io.2)。</DESCRIPTION>
    <FUNCTION>Board::getKingPos</FUNCTION>
    <DECORATED>?getKingPos@Board@@QEAA?AV?$vector@UPosition@@V?$allocator@UPosition@@@std@@@std@@AEAUPosition@@D@Z</DECORATED>
    <FUNCLINE>657</FUNCLINE>
    <PATH></PATH>
  </DEFECT>
  <DEFECT>
    <SFA>
      <FILEPATH>D:\Chess\Chess\Chess\</FILEPATH>
      <FILENAME>Board.h</FILENAME>
      <LINE>718</LINE>
      <COLUMN>64</COLUMN>
    </SFA>
    <DEFECTCODE>26451</DEFECTCODE>
    <DESCRIPTION>算術溢位: 對 4 位元組值使用運算子 '+'，然後將結果轉換為 8 位元組值。將值轉換為較廣的類型後，再呼叫運算子 '+' 以免發生溢位 (io.2)。</DESCRIPTION>
    <FUNCTION>Board::getKingPos</FUNCTION>
    <DECORATED>?getKingPos@Board@@QEAA?AV?$vector@UPosition@@V?$allocator@UPosition@@@std@@@std@@AEAUPosition@@D@Z</DECORATED>
    <FUNCLINE>657</FUNCLINE>
    <PATH></PATH>
  </DEFECT>
  <DEFECT>
    <SFA>
      <FILEPATH>D:\Chess\Chess\Chess\</FILEPATH>
      <FILENAME>Board.h</FILENAME>
      <LINE>726</LINE>
      <COLUMN>19</COLUMN>
    </SFA>
    <DEFECTCODE>26451</DEFECTCODE>
    <DESCRIPTION>算術溢位: 對 4 位元組值使用運算子 '+'，然後將結果轉換為 8 位元組值。將值轉換為較廣的類型後，再呼叫運算子 '+' 以免發生溢位 (io.2)。</DESCRIPTION>
    <FUNCTION>Board::getKingPos</FUNCTION>
    <DECORATED>?getKingPos@Board@@QEAA?AV?$vector@UPosition@@V?$allocator@UPosition@@@std@@@std@@AEAUPosition@@D@Z</DECORATED>
    <FUNCLINE>657</FUNCLINE>
    <PATH></PATH>
  </DEFECT>
  <DEFECT>
    <SFA>
      <FILEPATH>D:\Chess\Chess\Chess\</FILEPATH>
      <FILENAME>Board.h</FILENAME>
      <LINE>726</LINE>
      <COLUMN>30</COLUMN>
    </SFA>
    <DEFECTCODE>26451</DEFECTCODE>
    <DESCRIPTION>算術溢位: 對 4 位元組值使用運算子 '+'，然後將結果轉換為 8 位元組值。將值轉換為較廣的類型後，再呼叫運算子 '+' 以免發生溢位 (io.2)。</DESCRIPTION>
    <FUNCTION>Board::getKingPos</FUNCTION>
    <DECORATED>?getKingPos@Board@@QEAA?AV?$vector@UPosition@@V?$allocator@UPosition@@@std@@@std@@AEAUPosition@@D@Z</DECORATED>
    <FUNCLINE>657</FUNCLINE>
    <PATH></PATH>
  </DEFECT>
  <DEFECT>
    <SFA>
      <FILEPATH>D:\Chess\Chess\Chess\</FILEPATH>
      <FILENAME>Board.h</FILENAME>
      <LINE>726</LINE>
      <COLUMN>68</COLUMN>
    </SFA>
    <DEFECTCODE>26451</DEFECTCODE>
    <DESCRIPTION>算術溢位: 對 4 位元組值使用運算子 '+'，然後將結果轉換為 8 位元組值。將值轉換為較廣的類型後，再呼叫運算子 '+' 以免發生溢位 (io.2)。</DESCRIPTION>
    <FUNCTION>Board::getKingPos</FUNCTION>
    <DECORATED>?getKingPos@Board@@QEAA?AV?$vector@UPosition@@V?$allocator@UPosition@@@std@@@std@@AEAUPosition@@D@Z</DECORATED>
    <FUNCLINE>657</FUNCLINE>
    <PATH></PATH>
  </DEFECT>
  <DEFECT>
    <SFA>
      <FILEPATH>D:\Chess\Chess\Chess\</FILEPATH>
      <FILENAME>Board.h</FILENAME>
      <LINE>726</LINE>
      <COLUMN>79</COLUMN>
    </SFA>
    <DEFECTCODE>26451</DEFECTCODE>
    <DESCRIPTION>算術溢位: 對 4 位元組值使用運算子 '+'，然後將結果轉換為 8 位元組值。將值轉換為較廣的類型後，再呼叫運算子 '+' 以免發生溢位 (io.2)。</DESCRIPTION>
    <FUNCTION>Board::getKingPos</FUNCTION>
    <DECORATED>?getKingPos@Board@@QEAA?AV?$vector@UPosition@@V?$allocator@UPosition@@@std@@@std@@AEAUPosition@@D@Z</DECORATED>
    <FUNCLINE>657</FUNCLINE>
    <PATH></PATH>
  </DEFECT>
  <DEFECT>
    <SFA>
      <FILEPATH>D:\Chess\Chess\Chess\</FILEPATH>
      <FILENAME>Player.h</FILENAME>
      <LINE>38</LINE>
      <COLUMN>24</COLUMN>
    </SFA>
    <DEFECTCODE>26451</DEFECTCODE>
    <DESCRIPTION>算術溢位: 對 4 位元組值使用運算子 '+'，然後將結果轉換為 8 位元組值。將值轉換為較廣的類型後，再呼叫運算子 '+' 以免發生溢位 (io.2)。</DESCRIPTION>
    <FUNCTION>HumanPlayer::OnMove</FUNCTION>
    <DECORATED>?OnMove@HumanPlayer@@UEAAXAEAVBoard@@AEAUPosition@@1@Z</DECORATED>
    <FUNCLINE>27</FUNCLINE>
    <PATH></PATH>
  </DEFECT>
  <DEFECT>
    <SFA>
      <FILEPATH>D:\Chess\Chess\Chess\</FILEPATH>
      <FILENAME>Player.h</FILENAME>
      <LINE>40</LINE>
      <COLUMN>24</COLUMN>
    </SFA>
    <DEFECTCODE>26451</DEFECTCODE>
    <DESCRIPTION>算術溢位: 對 4 位元組值使用運算子 '-'，然後將結果轉換為 8 位元組值。將值轉換為較廣的類型後，再呼叫運算子 '-' 以免發生溢位 (io.2)。</DESCRIPTION>
    <FUNCTION>HumanPlayer::OnMove</FUNCTION>
    <DECORATED>?OnMove@HumanPlayer@@UEAAXAEAVBoard@@AEAUPosition@@1@Z</DECORATED>
    <FUNCLINE>27</FUNCLINE>
    <PATH></PATH>
  </DEFECT>
  <DEFECT>
    <SFA>
      <FILEPATH>D:\Chess\Chess\Chess\</FILEPATH>
      <FILENAME>GameManager.h</FILENAME>
      <LINE>190</LINE>
      <COLUMN>37</COLUMN>
    </SFA>
    <DEFECTCODE>26451</DEFECTCODE>
    <DESCRIPTION>算術溢位: 對 4 位元組值使用運算子 '+'，然後將結果轉換為 8 位元組值。將值轉換為較廣的類型後，再呼叫運算子 '+' 以免發生溢位 (io.2)。</DESCRIPTION>
    <FUNCTION>GameManager::specialPawn</FUNCTION>
    <DECORATED>?specialPawn@GameManager@@QEAAXUPosition@@0@Z</DECORATED>
    <FUNCLINE>164</FUNCLINE>
    <PATH></PATH>
  </DEFECT>
  <DEFECT>
    <SFA>
      <FILEPATH>D:\Chess\Chess\Chess\</FILEPATH>
      <FILENAME>GameManager.h</FILENAME>
      <LINE>190</LINE>
      <COLUMN>87</COLUMN>
    </SFA>
    <DEFECTCODE>26451</DEFECTCODE>
    <DESCRIPTION>算術溢位: 對 4 位元組值使用運算子 '+'，然後將結果轉換為 8 位元組值。將值轉換為較廣的類型後，再呼叫運算子 '+' 以免發生溢位 (io.2)。</DESCRIPTION>
    <FUNCTION>GameManager::specialPawn</FUNCTION>
    <DECORATED>?specialPawn@GameManager@@QEAAXUPosition@@0@Z</DECORATED>
    <FUNCLINE>164</FUNCLINE>
    <PATH></PATH>
  </DEFECT>
  <DEFECT>
    <SFA>
      <FILEPATH>D:\Chess\Chess\Chess\</FILEPATH>
      <FILENAME>GameManager.h</FILENAME>
      <LINE>191</LINE>
      <COLUMN>34</COLUMN>
    </SFA>
    <DEFECTCODE>26451</DEFECTCODE>
    <DESCRIPTION>算術溢位: 對 4 位元組值使用運算子 '+'，然後將結果轉換為 8 位元組值。將值轉換為較廣的類型後，再呼叫運算子 '+' 以免發生溢位 (io.2)。</DESCRIPTION>
    <FUNCTION>GameManager::specialPawn</FUNCTION>
    <DECORATED>?specialPawn@GameManager@@QEAAXUPosition@@0@Z</DECORATED>
    <FUNCLINE>164</FUNCLINE>
    <PATH></PATH>
  </DEFECT>
  <DEFECT>
    <SFA>
      <FILEPATH>D:\Chess\Chess\Chess\</FILEPATH>
      <FILENAME>GameManager.h</FILENAME>
      <LINE>175</LINE>
      <COLUMN>37</COLUMN>
    </SFA>
    <DEFECTCODE>26451</DEFECTCODE>
    <DESCRIPTION>算術溢位: 對 4 位元組值使用運算子 '+'，然後將結果轉換為 8 位元組值。將值轉換為較廣的類型後，再呼叫運算子 '+' 以免發生溢位 (io.2)。</DESCRIPTION>
    <FUNCTION>GameManager::specialPawn</FUNCTION>
    <DECORATED>?specialPawn@GameManager@@QEAAXUPosition@@0@Z</DECORATED>
    <FUNCLINE>164</FUNCLINE>
    <PATH></PATH>
  </DEFECT>
  <DEFECT>
    <SFA>
      <FILEPATH>D:\Chess\Chess\Chess\</FILEPATH>
      <FILENAME>GameManager.h</FILENAME>
      <LINE>175</LINE>
      <COLUMN>87</COLUMN>
    </SFA>
    <DEFECTCODE>26451</DEFECTCODE>
    <DESCRIPTION>算術溢位: 對 4 位元組值使用運算子 '+'，然後將結果轉換為 8 位元組值。將值轉換為較廣的類型後，再呼叫運算子 '+' 以免發生溢位 (io.2)。</DESCRIPTION>
    <FUNCTION>GameManager::specialPawn</FUNCTION>
    <DECORATED>?specialPawn@GameManager@@QEAAXUPosition@@0@Z</DECORATED>
    <FUNCLINE>164</FUNCLINE>
    <PATH></PATH>
  </DEFECT>
  <DEFECT>
    <SFA>
      <FILEPATH>D:\Chess\Chess\Chess\</FILEPATH>
      <FILENAME>GameManager.h</FILENAME>
      <LINE>176</LINE>
      <COLUMN>34</COLUMN>
    </SFA>
    <DEFECTCODE>26451</DEFECTCODE>
    <DESCRIPTION>算術溢位: 對 4 位元組值使用運算子 '+'，然後將結果轉換為 8 位元組值。將值轉換為較廣的類型後，再呼叫運算子 '+' 以免發生溢位 (io.2)。</DESCRIPTION>
    <FUNCTION>GameManager::specialPawn</FUNCTION>
    <DECORATED>?specialPawn@GameManager@@QEAAXUPosition@@0@Z</DECORATED>
    <FUNCLINE>164</FUNCLINE>
    <PATH></PATH>
  </DEFECT>
  <DEFECT>
    <SFA>
      <FILEPATH>D:\Chess\Chess\Chess\</FILEPATH>
      <FILENAME>GameManager.h</FILENAME>
      <LINE>326</LINE>
      <COLUMN>10</COLUMN>
    </SFA>
    <DEFECTCODE>6031</DEFECTCODE>
    <DESCRIPTION>已忽略傳回值: '_getch'。</DESCRIPTION>
    <FUNCTION>GameManager::gameLoop</FUNCTION>
    <DECORATED>?gameLoop@GameManager@@QEAAXXZ</DECORATED>
    <FUNCLINE>315</FUNCLINE>
    <PATH></PATH>
  </DEFECT>
  <DEFECT>
    <SFA>
      <FILEPATH>D:\Chess\Chess\Chess\</FILEPATH>
      <FILENAME>GameManager.h</FILENAME>
      <LINE>332</LINE>
      <COLUMN>10</COLUMN>
    </SFA>
    <DEFECTCODE>6031</DEFECTCODE>
    <DESCRIPTION>已忽略傳回值: '_getch'。</DESCRIPTION>
    <FUNCTION>GameManager::gameLoop</FUNCTION>
    <DECORATED>?gameLoop@GameManager@@QEAAXXZ</DECORATED>
    <FUNCLINE>315</FUNCLINE>
    <PATH></PATH>
  </DEFECT>
  <DEFECT>
    <SFA>
      <FILEPATH>D:\Chess\Chess\Chess\</FILEPATH>
      <FILENAME>GameManager.h</FILENAME>
      <LINE>350</LINE>
      <COLUMN>11</COLUMN>
    </SFA>
    <DEFECTCODE>6031</DEFECTCODE>
    <DESCRIPTION>已忽略傳回值: '_getch'。</DESCRIPTION>
    <FUNCTION>GameManager::gameLoop</FUNCTION>
    <DECORATED>?gameLoop@GameManager@@QEAAXXZ</DECORATED>
    <FUNCLINE>315</FUNCLINE>
    <PATH></PATH>
  </DEFECT>
</DEFECTS>